Date,open_price,high_price,low_price,close_price,vol,script,Resistance,Support,pivot_upper,pivot_lower,screener,screener_side,screener_implications,user_actions,next_10_high,next_10_low,win_buy,win_sell,Alert_Uturn,Trap_Alert_POSITION,pattern_identifier_trendbreak,data_interval,Alert_details,Price_Closer_Support,Price_Closer_Resistance
2025-11-21 09:15:00+05:30,1541.0,1544.5,1540.1,1543.7,214819,RELIANCE,,,,,,,,,,,,,,,,,,,
2025-11-21 09:17:00+05:30,1543.2,1548.7,1543.1,1547.6,152998,RELIANCE,,,,,,,,,,,,,,,,,,,
2025-11-21 09:19:00+05:30,1548.0,1548.0,1545.1,1547.7,120390,RELIANCE,,,,,,,,,,,,,,,,,,,
2025-11-21 09:21:00+05:30,1547.3,1553.7,1547.3,1553.0,156326,RELIANCE,,,,,,,,,,,,,,,,,,,
2025-11-21 09:23:00+05:30,1553.2,1554.5,1551.5,1553.5,201233,RELIANCE,,,,,,,,,,,,,,,,,,,
2025-11-21 09:25:00+05:30,1553.5,1556.4,1553.0,1555.4,192924,RELIANCE,,,,,,,,,,,,,,,,,,,
2025-11-21 09:27:00+05:30,1555.6,1555.9,1554.0,1554.9,119751,RELIANCE,,,,,,,,,,,,,,,,,,,
2025-11-21 09:29:00+05:30,1554.9,1557.7,1554.1,1556.9,163626,RELIANCE,,,,,,,,,,,,,,,,,,,
2025-11-21 09:31:00+05:30,1556.9,1557.5,1556.4,1557.0,101451,RELIANCE,,,,,,,,,,,,,,,,,,,
2025-11-21 09:33:00+05:30,1557.0,1557.8,1554.5,1554.6,154288,RELIANCE,,,,,,,,,,,,,,,,,,,
2025-11-21 09:35:00+05:30,1554.6,1555.0,1552.0,1552.2,96877,RELIANCE,,,,,,,,,,,,,,,,,,,
2025-11-21 09:37:00+05:30,1552.2,1552.9,1551.2,1552.9,66093,RELIANCE,,,,,,,,,,,,,,,,,,,
2025-11-21 09:39:00+05:30,1553.2,1553.2,1551.8,1552.9,52604,RELIANCE,,,,,,,,,,,,,,,,,,,
2025-11-21 09:41:00+05:30,1552.9,1552.9,1551.0,1551.4,49529,RELIANCE,,,,,,,,,,,,,,,,,,,
2025-11-21 09:43:00+05:30,1551.0,1552.0,1550.5,1550.8,44093,RELIANCE,,,,,,,,,,,,,,,,,,,
2025-11-21 09:45:00+05:30,1550.8,1552.4,1550.0,1550.6,118317,RELIANCE,,,,,,,,,,,,,,,,,,,
2025-11-21 09:47:00+05:30,1550.6,1550.8,1550.0,1550.0,34083,RELIANCE,,,,,,,,,,,,,,,,,,,
2025-11-21 09:49:00+05:30,1550.0,1550.5,1549.5,1550.0,69797,RELIANCE,,,,,,,,,,,,,,,,,,,
2025-11-21 09:51:00+05:30,1550.0,1551.4,1550.0,1550.1,44083,RELIANCE,,,,,,,,,,,,,,,,,,,
2025-11-21 09:53:00+05:30,1550.0,1550.2,1548.0,1548.3,51088,RELIANCE,,,,,,,,,,,,,,,,,,,
2025-11-21 09:55:00+05:30,1548.2,1548.9,1547.1,1548.8,98843,RELIANCE,,,,,,,,,,,,,,,,,,,
2025-11-21 09:57:00+05:30,1548.4,1550.0,1548.4,1549.8,24806,RELIANCE,,,,,,,,,,,,,,,,,,,
2025-11-21 09:59:00+05:30,1549.9,1551.1,1549.8,1550.0,46239,RELIANCE,,,,,,,,,,,,,,,,,,,
2025-11-21 10:01:00+05:30,1550.2,1550.7,1548.7,1548.9,52979,RELIANCE,,,,,,,,,,,,,,,,,,,
2025-11-21 10:03:00+05:30,1548.9,1549.8,1548.6,1549.5,53628,RELIANCE,,,,,,,,,,,,,,,,,,,
2025-11-21 10:05:00+05:30,1549.8,1550.0,1549.4,1549.8,39347,RELIANCE,,,,,,,,,,,,,,,,,,,
2025-11-21 10:07:00+05:30,1549.8,1550.1,1548.1,1548.1,64408,RELIANCE,,,,,,,,,,,,,,,,,,,
2025-11-21 10:09:00+05:30,1548.1,1548.3,1547.2,1547.9,35420,RELIANCE,,,,,,,,,,,,,,,,,,,
2025-11-21 10:11:00+05:30,1547.9,1549.4,1547.9,1548.7,60770,RELIANCE,,,,,,,,,,,,,,,,,,,
2025-11-21 10:13:00+05:30,1549.0,1549.9,1548.5,1548.8,34930,RELIANCE,,,,,,,,,,,,,,,,,,,
2025-11-21 10:15:00+05:30,1548.8,1548.9,1548.5,1548.6,15146,RELIANCE,,,,,,,,,,,,,,,,,,,
2025-11-21 10:17:00+05:30,1548.6,1548.6,1546.1,1546.5,38579,RELIANCE,,,,,,,,,,,,,,,,,,,
2025-11-21 10:19:00+05:30,1546.4,1547.0,1546.1,1546.7,58580,RELIANCE,,,,,,,,,,,,,,,,,,,
2025-11-21 10:21:00+05:30,1546.2,1547.4,1546.0,1546.9,31307,RELIANCE,,,,,,,,,,,,,,,,,,,
2025-11-21 10:23:00+05:30,1546.9,1548.0,1546.5,1548.0,22259,RELIANCE,,,,,,,,,,,,,,,,,,,
2025-11-21 10:25:00+05:30,1548.0,1548.5,1546.2,1546.3,26353,RELIANCE,,,,,,,,,,,,,,,,,,,
2025-11-21 10:27:00+05:30,1546.3,1546.5,1546.1,1546.3,16021,RELIANCE,,,,,,,,,,,,,,,,,,,
2025-11-21 10:29:00+05:30,1546.2,1546.3,1545.7,1545.7,25278,RELIANCE,,,,,,,,,,,,,,,,,,,
2025-11-21 10:31:00+05:30,1545.6,1546.9,1545.6,1546.9,37039,RELIANCE,,,,,,,,,,,,,,,,,,,
2025-11-21 10:33:00+05:30,1546.9,1547.9,1546.7,1546.8,29803,RELIANCE,,,,,,,,,,,,,,,,,,,
2025-11-21 10:35:00+05:30,1546.7,1548.4,1546.5,1548.4,21164,RELIANCE,,,,,,,,,,,,,,,,,,,
2025-11-21 10:37:00+05:30,1548.4,1549.1,1548.0,1548.5,33465,RELIANCE,,,,,,,,,,,,,,,,,,,
2025-11-21 10:39:00+05:30,1548.5,1548.5,1547.6,1547.8,27640,RELIANCE,,,,,,,,,,,,,,,,,,,
2025-11-21 10:41:00+05:30,1547.8,1547.9,1546.6,1547.2,22313,RELIANCE,,,,,,,,,,,,,,,,,,,
2025-11-21 10:43:00+05:30,1547.2,1547.4,1547.1,1547.3,14658,RELIANCE,,,,,,,,,,,,,,,,,,,
2025-11-21 10:45:00+05:30,1547.4,1548.0,1547.3,1547.6,24174,RELIANCE,,,,,,,,,,,,,,,,,,,
2025-11-21 10:47:00+05:30,1547.6,1548.4,1547.2,1547.2,33994,RELIANCE,,,,,,,,,,,,,,,,,,,
2025-11-21 10:49:00+05:30,1547.2,1548.0,1547.2,1547.5,33964,RELIANCE,,,,,,,,,,,,,,,,,,,
2025-11-21 10:51:00+05:30,1547.4,1547.4,1546.9,1547.2,17902,RELIANCE,,,,,,,,,,,,,,,,,,,
2025-11-21 10:53:00+05:30,1547.2,1547.3,1546.2,1547.2,32313,RELIANCE,,,,,,,,,,,,,,,,,,,
2025-11-21 10:55:00+05:30,1547.1,1547.6,1546.2,1547.6,21855,RELIANCE,,,,,,,,,,,,,,,,,,,
2025-11-21 10:57:00+05:30,1547.3,1548.5,1547.3,1548.5,21977,RELIANCE,,,,,,,,,,,,,,,,,,,
2025-11-21 10:59:00+05:30,1548.5,1549.2,1548.5,1549.1,24199,RELIANCE,,,,,,,,,,,,,,,,,,,
2025-11-21 11:01:00+05:30,1549.1,1549.9,1548.9,1549.9,33183,RELIANCE,,,,,,,,,,,,,,,,,,,
2025-11-21 11:03:00+05:30,1549.9,1550.0,1549.4,1549.5,25590,RELIANCE,,,,,,,,,,,,,,,,,,,
2025-11-21 11:05:00+05:30,1549.4,1549.5,1547.5,1548.1,18271,RELIANCE,,,,,,,,,,,,,,,,,,,
2025-11-21 11:07:00+05:30,1548.2,1549.4,1548.0,1549.4,21685,RELIANCE,,,,,,,,,,,,,,,,,,,
2025-11-21 11:09:00+05:30,1549.3,1550.0,1549.3,1550.0,15850,RELIANCE,,,,,,,,,,,,,,,,,,,
2025-11-21 11:11:00+05:30,1550.0,1551.9,1549.9,1551.7,68277,RELIANCE,,,,,,,,,,,,,,,,,,,
2025-11-21 11:13:00+05:30,1551.6,1552.0,1551.5,1551.8,36233,RELIANCE,,,,,,,,,,,,,,,,,,,
2025-11-21 11:15:00+05:30,1551.8,1551.8,1551.1,1551.5,37861,RELIANCE,,,,,,,,,,,,,,,,,,,
2025-11-21 11:17:00+05:30,1551.5,1551.6,1548.6,1549.0,26079,RELIANCE,,,,,,,,,,,,,,,,,,,
2025-11-21 11:19:00+05:30,1548.8,1548.8,1547.6,1547.7,46551,RELIANCE,,,,,,,,,,,,,,,,,,,
2025-11-21 11:21:00+05:30,1547.7,1547.8,1546.3,1546.3,34093,RELIANCE,,,,,,,,,,,,,,,,,,,
2025-11-21 11:23:00+05:30,1546.2,1546.3,1545.5,1545.7,33007,RELIANCE,,,,,,,,,,,,,,,,,,,
2025-11-21 11:25:00+05:30,1545.7,1545.9,1544.9,1545.8,46264,RELIANCE,,,,,,,,,,,,,,,,,,,
2025-11-21 11:27:00+05:30,1545.8,1546.3,1544.9,1546.0,50139,RELIANCE,,,,,,,,,,,,,,,,,,,
2025-11-21 11:29:00+05:30,1545.9,1546.3,1545.1,1545.3,29432,RELIANCE,,,,,,,,,,,,,,,,,,,
2025-11-21 11:31:00+05:30,1545.3,1545.4,1545.0,1545.2,10853,RELIANCE,,,,,,,,,,,,,,,,,,,
2025-11-21 11:33:00+05:30,1545.2,1545.4,1544.4,1545.2,44127,RELIANCE,,,,,,,,,,,,,,,,,,,
2025-11-21 11:35:00+05:30,1545.4,1546.5,1545.2,1546.0,106207,RELIANCE,,,,,,,,,,,,,,,,,,,
2025-11-21 11:37:00+05:30,1546.0,1547.0,1545.5,1545.8,49963,RELIANCE,,,,,,,,,,,,,,,,,,,
2025-11-21 11:39:00+05:30,1545.8,1546.8,1544.5,1545.0,62840,RELIANCE,,,,,,,,,,,,,,,,,,,
2025-11-21 11:41:00+05:30,1545.0,1545.1,1541.4,1541.6,230048,RELIANCE,,,,,,,,,,,,,,,,,,,
2025-11-21 11:43:00+05:30,1541.5,1543.3,1541.2,1543.2,65740,RELIANCE,,,,,,,,,,,,,,,,,,,
2025-11-21 11:45:00+05:30,1543.2,1544.5,1543.1,1544.2,34097,RELIANCE,,,,,,,,,,,,,,,,,,,
2025-11-21 11:47:00+05:30,1544.2,1544.9,1544.1,1544.6,26594,RELIANCE,,,,,,,,,,,,,,,,,,,
2025-11-21 11:49:00+05:30,1544.5,1544.9,1544.0,1544.2,74843,RELIANCE,,,,,,,,,,,,,,,,,,,
2025-11-21 11:51:00+05:30,1544.0,1544.1,1543.6,1543.6,12829,RELIANCE,,,,,,,,,,,,,,,,,,,
2025-11-21 11:53:00+05:30,1543.5,1545.0,1543.5,1544.8,23434,RELIANCE,,,,,,,,,,,,,,,,,,,
2025-11-21 11:55:00+05:30,1544.8,1545.0,1544.8,1544.9,17381,RELIANCE,,,,,,,,,,,,,,,,,,,
2025-11-21 11:57:00+05:30,1544.9,1544.9,1544.7,1544.8,21260,RELIANCE,,,,,,,,,,,,,,,,,,,
2025-11-21 11:59:00+05:30,1544.8,1544.9,1544.0,1544.1,21589,RELIANCE,,,,,,,,,,,,,,,,,,,
2025-11-21 12:01:00+05:30,1544.1,1545.2,1544.1,1545.2,27192,RELIANCE,,,,,,,,,,,,,,,,,,,
2025-11-21 12:03:00+05:30,1545.2,1545.5,1544.8,1545.4,16544,RELIANCE,,,,,,,,,,,,,,,,,,,
2025-11-21 12:05:00+05:30,1545.6,1546.0,1545.5,1546.0,15315,RELIANCE,,,,,,,,,,,,,,,,,,,
2025-11-21 12:07:00+05:30,1546.0,1546.0,1544.7,1544.8,32829,RELIANCE,,,,,,,,,,,,,,,,,,,
2025-11-21 12:09:00+05:30,1544.8,1545.8,1544.8,1545.4,13611,RELIANCE,,,,,,,,,,,,,,,,,,,
2025-11-21 12:11:00+05:30,1545.5,1545.9,1544.9,1545.9,21974,RELIANCE,,,,,,,,,,,,,,,,,,,
2025-11-21 12:13:00+05:30,1545.9,1546.9,1545.8,1546.7,29303,RELIANCE,,,,,,,,,,,,,,,,,,,
2025-11-21 12:15:00+05:30,1546.5,1548.7,1546.5,1548.5,64573,RELIANCE,,,,,,,,,,,,,,,,,,,
2025-11-21 12:17:00+05:30,1548.5,1549.7,1548.0,1549.7,38048,RELIANCE,,,,,,,,,,,,,,,,,,,
2025-11-21 12:19:00+05:30,1549.8,1550.0,1549.4,1550.0,64176,RELIANCE,,,,,,,,,,,,,,,,,,,
2025-11-21 12:21:00+05:30,1550.0,1551.0,1549.5,1551.0,71789,RELIANCE,,,,,,,,,,,,,,,,,,,
2025-11-21 12:23:00+05:30,1551.0,1552.4,1550.5,1552.0,57796,RELIANCE,,,,,,,,,,,,,,,,,,,
2025-11-21 12:25:00+05:30,1552.2,1552.9,1551.7,1552.8,60031,RELIANCE,,,,,,,,,,,,,,,,,,,
2025-11-21 12:27:00+05:30,1552.7,1553.6,1552.5,1552.6,74347,RELIANCE,,,,,,,,,,,,,,,,,,,
2025-11-21 12:29:00+05:30,1552.6,1552.6,1551.4,1552.1,87918,RELIANCE,,,,,,,,,,,,,,,,,,,
2025-11-21 12:31:00+05:30,1552.0,1552.1,1550.5,1550.7,129008,RELIANCE,,,,,,,,,,,,,,,,,,,
2025-11-21 12:33:00+05:30,1550.3,1551.8,1549.6,1551.1,111023,RELIANCE,,,,,,,,,,,,,,,,,,,
2025-11-21 12:35:00+05:30,1551.1,1551.2,1549.7,1550.8,39421,RELIANCE,,,,,,,,,,,,,,,,,,,
2025-11-21 12:37:00+05:30,1550.8,1550.8,1549.8,1549.9,38751,RELIANCE,,,,,,,,,,,,,,,,,,,
2025-11-21 12:39:00+05:30,1550.0,1550.0,1549.1,1549.3,56117,RELIANCE,,,,,,,,,,,,,,,,,,,
2025-11-21 12:41:00+05:30,1549.2,1551.5,1548.5,1550.9,60935,RELIANCE,,,,,,,,,,,,,,,,,,,
2025-11-21 12:43:00+05:30,1550.9,1551.2,1550.0,1550.9,34246,RELIANCE,,,,,,,,,,,,,,,,,,,
2025-11-21 12:45:00+05:30,1550.9,1551.6,1550.9,1551.5,31057,RELIANCE,,,,,,,,,,,,,,,,,,,
2025-11-21 12:47:00+05:30,1551.5,1552.5,1551.5,1552.4,58548,RELIANCE,,,,,,,,,,,,,,,,,,,
2025-11-21 12:49:00+05:30,1552.4,1552.7,1552.4,1552.7,32804,RELIANCE,,,,,,,,,,,,,,,,,,,
2025-11-21 12:51:00+05:30,1552.6,1554.5,1552.6,1554.0,104401,RELIANCE,,,,,,,,,,,,,,,,,,,
2025-11-21 12:53:00+05:30,1554.1,1554.2,1552.7,1554.0,118829,RELIANCE,,,,,,,,,,,,,,,,,,,
2025-11-21 12:55:00+05:30,1554.1,1554.8,1554.0,1554.3,84350,RELIANCE,,,,,,,,,,,,,,,,,,,
2025-11-21 12:57:00+05:30,1554.2,1554.6,1553.6,1553.6,48376,RELIANCE,,,,,,,,,,,,,,,,,,,
2025-11-21 12:59:00+05:30,1553.6,1554.1,1552.7,1552.9,64457,RELIANCE,,,,,,,,,,,,,,,,,,,
2025-11-21 13:01:00+05:30,1552.8,1553.0,1551.4,1552.8,154281,RELIANCE,,,,,,,,,,,,,,,,,,,
2025-11-21 13:03:00+05:30,1552.8,1553.1,1552.1,1552.7,29408,RELIANCE,,,,,,,,,,,,,,,,,,,
2025-11-21 13:05:00+05:30,1552.6,1554.4,1552.5,1554.1,39451,RELIANCE,,,,,,,,,,,,,,,,,,,
2025-11-21 13:07:00+05:30,1554.1,1554.1,1553.1,1553.5,28333,RELIANCE,,,,,,,,,,,,,,,,,,,
2025-11-21 13:09:00+05:30,1553.5,1553.8,1553.1,1553.1,57981,RELIANCE,,,,,,,,,,,,,,,,,,,
2025-11-21 13:11:00+05:30,1553.1,1553.7,1550.5,1551.1,65444,RELIANCE,,,,,,,,,,,,,,,,,,,
2025-11-21 13:13:00+05:30,1551.0,1551.3,1550.1,1550.2,29435,RELIANCE,,,,,,,,,,,,,,,,,,,
2025-11-21 13:15:00+05:30,1550.2,1550.2,1549.3,1549.7,39695,RELIANCE,,,,,,,,,,,,,,,,,,,
2025-11-21 13:17:00+05:30,1549.7,1550.0,1548.3,1549.0,29100,RELIANCE,,,,,,,,,,,,,,,,,,,
2025-11-21 13:19:00+05:30,1548.9,1549.1,1548.1,1549.0,27693,RELIANCE,,,,,,,,,,,,,,,,,,,
2025-11-21 13:21:00+05:30,1549.0,1549.5,1548.1,1548.9,22118,RELIANCE,,,,,,,,,,,,,,,,,,,
2025-11-21 13:23:00+05:30,1548.9,1548.9,1548.2,1548.4,22938,RELIANCE,,,,,,,,,,,,,,,,,,,
2025-11-21 13:25:00+05:30,1548.4,1548.5,1547.6,1548.3,19961,RELIANCE,,,,,,,,,,,,,,,,,,,
2025-11-21 13:27:00+05:30,1548.4,1550.0,1548.3,1549.8,27237,RELIANCE,,,,,,,,,,,,,,,,,,,
2025-11-21 13:29:00+05:30,1549.9,1550.0,1549.0,1549.0,40279,RELIANCE,,,,,,,,,,,,,,,,,,,
2025-11-21 13:31:00+05:30,1549.0,1550.0,1548.7,1550.0,41322,RELIANCE,,,,,,,,,,,,,,,,,,,
2025-11-21 13:33:00+05:30,1550.0,1551.1,1549.8,1550.9,58593,RELIANCE,,,,,,,,,,,,,,,,,,,
2025-11-21 13:35:00+05:30,1551.2,1551.4,1549.1,1549.3,30685,RELIANCE,,,,,,,,,,,,,,,,,,,
2025-11-21 13:37:00+05:30,1549.3,1549.6,1547.6,1548.9,113360,RELIANCE,,,,,,,,,,,,,,,,,,,
2025-11-21 13:39:00+05:30,1548.7,1549.2,1547.5,1548.6,40001,RELIANCE,,,,,,,,,,,,,,,,,,,
2025-11-21 13:41:00+05:30,1548.6,1548.9,1548.0,1548.0,18973,RELIANCE,,,,,,,,,,,,,,,,,,,
2025-11-21 13:43:00+05:30,1548.1,1548.1,1546.1,1546.1,77368,RELIANCE,,,,,,,,,,,,,,,,,,,
2025-11-21 13:45:00+05:30,1546.1,1547.1,1545.3,1546.6,36265,RELIANCE,,,,,,,,,,,,,,,,,,,
2025-11-21 13:47:00+05:30,1546.6,1547.5,1545.5,1546.6,28073,RELIANCE,,,,,,,,,,,,,,,,,,,
2025-11-21 13:49:00+05:30,1546.6,1548.5,1546.5,1548.4,45700,RELIANCE,,,,,,,,,,,,,,,,,,,
2025-11-21 13:51:00+05:30,1548.3,1549.9,1547.8,1549.8,79061,RELIANCE,,,,,,,,,,,,,,,,,,,
2025-11-21 13:53:00+05:30,1550.0,1550.5,1549.1,1550.0,43869,RELIANCE,,,,,,,,,,,,,,,,,,,
2025-11-21 13:55:00+05:30,1550.0,1550.3,1549.7,1550.0,27945,RELIANCE,,,,,,,,,,,,,,,,,,,
2025-11-21 13:57:00+05:30,1550.0,1550.7,1549.6,1550.1,27313,RELIANCE,,,,,,,,,,,,,,,,,,,
2025-11-21 13:59:00+05:30,1550.2,1550.7,1550.2,1550.4,8902,RELIANCE,,,,,,,,,,,,,,,,,,,
2025-11-21 14:01:00+05:30,1550.5,1550.5,1550.3,1550.4,9743,RELIANCE,,,,,,,,,,,,,,,,,,,
2025-11-21 14:03:00+05:30,1550.4,1550.5,1550.1,1550.4,15830,RELIANCE,,,,,,,,,,,,,,,,,,,
2025-11-21 14:05:00+05:30,1550.5,1550.5,1548.6,1549.6,34071,RELIANCE,,,,,,,,,,,,,,,,,,,
2025-11-21 14:07:00+05:30,1549.8,1550.3,1549.7,1550.2,19726,RELIANCE,,,,,,,,,,,,,,,,,,,
2025-11-21 14:09:00+05:30,1550.3,1551.0,1550.2,1550.9,17517,RELIANCE,,,,,,,,,,,,,,,,,,,
2025-11-21 14:11:00+05:30,1550.9,1551.3,1550.8,1551.2,17976,RELIANCE,,,,,,,,,,,,,,,,,,,
2025-11-21 14:13:00+05:30,1551.3,1551.7,1551.2,1551.2,21137,RELIANCE,,,,,,,,,,,,,,,,,,,
2025-11-21 14:15:00+05:30,1551.3,1552.0,1551.2,1552.0,19540,RELIANCE,,,,,,,,,,,,,,,,,,,
2025-11-21 14:17:00+05:30,1551.9,1552.0,1551.5,1551.6,16802,RELIANCE,,,,,,,,,,,,,,,,,,,
2025-11-21 14:19:00+05:30,1551.6,1551.8,1551.0,1551.0,21566,RELIANCE,,,,,,,,,,,,,,,,,,,
2025-11-21 14:21:00+05:30,1551.0,1551.9,1551.0,1551.7,25379,RELIANCE,,,,,,,,,,,,,,,,,,,
2025-11-21 14:23:00+05:30,1551.9,1552.0,1551.7,1551.9,23883,RELIANCE,,,,,,,,,,,,,,,,,,,
2025-11-21 14:25:00+05:30,1551.9,1552.0,1551.6,1551.7,15752,RELIANCE,,,,,,,,,,,,,,,,,,,
2025-11-21 14:27:00+05:30,1551.7,1551.8,1551.3,1551.5,13137,RELIANCE,,,,,,,,,,,,,,,,,,,
2025-11-21 14:29:00+05:30,1551.5,1552.0,1551.5,1552.0,16800,RELIANCE,,,,,,,,,,,,,,,,,,,
2025-11-21 14:31:00+05:30,1551.9,1552.0,1551.7,1551.8,20106,RELIANCE,,,,,,,,,,,,,,,,,,,
2025-11-21 14:33:00+05:30,1551.8,1552.9,1551.8,1552.7,33033,RELIANCE,,,,,,,,,,,,,,,,,,,
2025-11-21 14:35:00+05:30,1552.6,1553.3,1552.6,1552.8,27096,RELIANCE,,,,,,,,,,,,,,,,,,,
2025-11-21 14:37:00+05:30,1552.8,1553.6,1552.8,1553.3,26060,RELIANCE,,,,,,,,,,,,,,,,,,,
2025-11-21 14:39:00+05:30,1553.1,1553.5,1550.4,1550.8,38434,RELIANCE,,,,,,,,,,,,,,,,,,,
2025-11-21 14:41:00+05:30,1550.8,1551.8,1550.8,1550.8,32857,RELIANCE,,,,,,,,,,,,,,,,,,,
2025-11-21 14:43:00+05:30,1550.9,1551.1,1550.0,1550.0,28838,RELIANCE,,,,,,,,,,,,,,,,,,,
2025-11-21 14:45:00+05:30,1550.0,1551.3,1549.5,1551.0,39917,RELIANCE,,,,,,,,,,,,,,,,,,,
2025-11-21 14:47:00+05:30,1551.3,1551.5,1549.5,1549.5,39737,RELIANCE,,,,,,,,,,,,,,,,,,,
2025-11-21 14:49:00+05:30,1549.6,1549.6,1548.4,1549.0,36139,RELIANCE,,,,,,,,,,,,,,,,,,,
2025-11-21 14:51:00+05:30,1549.0,1549.7,1548.6,1548.9,23856,RELIANCE,,,,,,,,,,,,,,,,,,,
2025-11-21 14:53:00+05:30,1548.7,1549.0,1548.2,1548.2,29812,RELIANCE,,,,,,,,,,,,,,,,,,,
2025-11-21 14:55:00+05:30,1548.3,1548.3,1547.1,1548.0,31811,RELIANCE,,,,,,,,,,,,,,,,,,,
2025-11-21 14:57:00+05:30,1547.9,1548.0,1547.9,1547.9,27978,RELIANCE,,,,,,,,,,,,,,,,,,,
2025-11-21 14:59:00+05:30,1547.9,1548.3,1547.4,1548.1,50087,RELIANCE,,,,,,,,,,,,,,,,,,,
2025-11-21 15:01:00+05:30,1548.3,1548.6,1548.1,1548.2,51983,RELIANCE,,,,,,,,,,,,,,,,,,,
2025-11-21 15:03:00+05:30,1548.2,1548.3,1547.3,1547.6,50256,RELIANCE,,,,,,,,,,,,,,,,,,,
2025-11-21 15:05:00+05:30,1547.6,1547.7,1547.3,1547.4,58935,RELIANCE,,,,,,,,,,,,,,,,,,,
2025-11-21 15:07:00+05:30,1547.4,1548.8,1547.2,1548.7,111955,RELIANCE,,,,,,,,,,,,,,,,,,,
2025-11-21 15:09:00+05:30,1548.7,1548.7,1547.8,1548.1,56231,RELIANCE,,,,,,,,,,,,,,,,,,,
2025-11-21 15:11:00+05:30,1548.0,1548.1,1547.5,1547.6,47307,RELIANCE,,,,,,,,,,,,,,,,,,,
2025-11-21 15:13:00+05:30,1547.5,1548.0,1547.5,1548.0,78071,RELIANCE,,,,,,,,,,,,,,,,,,,
2025-11-21 15:15:00+05:30,1547.9,1548.0,1547.7,1547.8,84604,RELIANCE,,,,,,,,,,,,,,,,,,,
2025-11-21 15:17:00+05:30,1547.7,1547.8,1546.4,1546.4,72954,RELIANCE,,,,,,,,,,,,,,,,,,,
2025-11-21 15:19:00+05:30,1546.5,1546.6,1545.3,1545.3,97334,RELIANCE,,,,,,,,,,,,,,,,,,,
2025-11-21 15:21:00+05:30,1545.4,1546.2,1545.2,1546.1,96760,RELIANCE,,,,,,,,,,,,,,,,,,,
2025-11-21 15:23:00+05:30,1546.1,1546.2,1544.0,1544.0,109707,RELIANCE,,,,,,,,,,,,,,,,,,,
2025-11-21 15:25:00+05:30,1544.0,1545.1,1543.9,1545.1,87032,RELIANCE,,,,,,,,,,,,,,,,,,,
2025-11-21 15:27:00+05:30,1545.1,1545.1,1543.1,1544.5,70920,RELIANCE,,,,,,,,,,,,,,,,,,,
2025-11-21 15:29:00+05:30,1544.3,1544.5,1543.1,1543.7,14476,RELIANCE,,,,,,,,,,,,,,,,,,,
2025-11-24 09:15:00+05:30,1550.0,1550.0,1540.3,1544.4,209026,RELIANCE,,,,,,,,,,,,,,,,,,,
2025-11-24 09:17:00+05:30,1544.7,1545.5,1542.6,1544.2,119864,RELIANCE,,,,,,,,,,,,,,,,,,,
2025-11-24 09:19:00+05:30,1544.2,1547.7,1544.1,1547.3,82488,RELIANCE,,,,,,,,,,,,,,,,,,,
2025-11-24 09:21:00+05:30,1547.5,1548.4,1547.5,1547.5,56374,RELIANCE,,,,,,,,,,,,,,,,,,,
2025-11-24 09:23:00+05:30,1546.8,1547.8,1545.2,1545.9,80349,RELIANCE,,,,,,,,,,,,,,,,,,,
2025-11-24 09:25:00+05:30,1545.6,1545.7,1543.1,1543.1,50859,RELIANCE,,,,,,,,,,,,,,,,,,,
2025-11-24 09:27:00+05:30,1543.1,1543.2,1542.5,1542.7,42062,RELIANCE,,,,,,,,,,,,,,,,,,,
2025-11-24 09:29:00+05:30,1542.8,1543.5,1542.5,1542.9,32577,RELIANCE,,,,,,,,,,,,,,,,,,,
2025-11-24 09:31:00+05:30,1542.8,1543.8,1542.3,1542.3,71607,RELIANCE,,,,,,,,,,,,,,,,,,,
2025-11-24 09:33:00+05:30,1542.2,1543.5,1542.0,1542.6,34945,RELIANCE,,,,,,,,,,,,,,,,,,,
2025-11-24 09:35:00+05:30,1542.6,1542.8,1542.0,1542.8,32047,RELIANCE,,,,,,,,,,,,,,,,,,,
2025-11-24 09:37:00+05:30,1542.7,1543.7,1542.7,1543.6,23103,RELIANCE,,,,,,,,,,,,,,,,,,,
2025-11-24 09:39:00+05:30,1543.5,1544.8,1543.5,1544.2,41986,RELIANCE,,,,,,,,,,,,,,,,,,,
2025-11-24 09:41:00+05:30,1544.4,1544.8,1544.3,1544.6,20783,RELIANCE,,,,,,,,,,,,,,,,,,,
2025-11-24 09:43:00+05:30,1544.6,1544.7,1544.1,1544.4,33574,RELIANCE,,,,,,,,,,,,,,,,,,,
2025-11-24 09:45:00+05:30,1544.1,1544.4,1543.6,1544.3,38045,RELIANCE,,,,,,,,,,,,,,,,,,,
2025-11-24 09:47:00+05:30,1544.4,1546.0,1544.3,1545.8,28071,RELIANCE,,,,,,,,,,,,,,,,,,,
2025-11-24 09:49:00+05:30,1545.7,1547.0,1545.7,1545.9,27102,RELIANCE,,,,,,,,,,,,,,,,,,,
2025-11-24 09:51:00+05:30,1546.0,1546.0,1544.9,1544.9,27751,RELIANCE,,,,,,,,,,,,,,,,,,,
2025-11-24 09:53:00+05:30,1545.0,1545.0,1544.4,1544.6,30439,RELIANCE,,,,,,,,,,,,,,,,,,,
2025-11-24 09:55:00+05:30,1544.6,1544.7,1544.5,1544.7,14982,RELIANCE,,,,,,,,,,,,,,,,,,,
2025-11-24 09:57:00+05:30,1544.6,1544.7,1544.2,1544.3,10217,RELIANCE,,,,,,,,,,,,,,,,,,,
2025-11-24 09:59:00+05:30,1544.3,1544.3,1543.6,1544.0,36463,RELIANCE,,,,,,,,,,,,,,,,,,,
2025-11-24 10:01:00+05:30,1543.9,1544.0,1543.7,1543.8,8495,RELIANCE,,,,,,,,,,,,,,,,,,,
2025-11-24 10:03:00+05:30,1543.8,1544.4,1543.6,1544.3,16282,RELIANCE,,,,,,,,,,,,,,,,,,,
2025-11-24 10:05:00+05:30,1544.4,1545.1,1544.3,1545.1,20972,RELIANCE,,,,,,,,,,,,,,,,,,,
2025-11-24 10:07:00+05:30,1545.2,1545.2,1544.6,1544.6,27445,RELIANCE,,,,,,,,,,,,,,,,,,,
2025-11-24 10:09:00+05:30,1544.7,1544.7,1544.2,1544.4,10618,RELIANCE,,,,,,,,,,,,,,,,,,,
2025-11-24 10:11:00+05:30,1544.5,1544.5,1544.3,1544.5,11899,RELIANCE,,,,,,,,,,,,,,,,,,,
2025-11-24 10:13:00+05:30,1544.5,1545.4,1544.4,1545.0,22433,RELIANCE,,,,,,,,,,,,,,,,,,,
2025-11-24 10:15:00+05:30,1545.0,1545.0,1544.9,1544.9,7880,RELIANCE,,,,,,,,,,,,,,,,,,,
2025-11-24 10:17:00+05:30,1544.9,1544.9,1542.5,1543.1,40416,RELIANCE,,,,,,,,,,,,,,,,,,,
2025-11-24 10:19:00+05:30,1543.1,1543.1,1542.7,1542.8,11422,RELIANCE,,,,,,,,,,,,,,,,,,,
2025-11-24 10:21:00+05:30,1542.8,1542.8,1542.7,1542.7,10748,RELIANCE,,,,,,,,,,,,,,,,,,,
2025-11-24 10:23:00+05:30,1542.8,1542.9,1542.6,1542.7,7186,RELIANCE,,,,,,,,,,,,,,,,,,,
2025-11-24 10:25:00+05:30,1542.6,1542.9,1541.0,1542.0,83544,RELIANCE,,,,,,,,,,,,,,,,,,,
2025-11-24 10:27:00+05:30,1542.0,1542.0,1540.5,1540.5,51151,RELIANCE,,,,,,,,,,,,,,,,,,,
2025-11-24 10:29:00+05:30,1540.5,1541.1,1540.1,1541.0,57975,RELIANCE,,,,,,,,,,,,,,,,,,,
2025-11-24 10:31:00+05:30,1541.1,1541.8,1541.0,1541.8,15906,RELIANCE,,,,,,,,,,,,,,,,,,,
2025-11-24 10:33:00+05:30,1541.8,1541.8,1541.6,1541.7,9321,RELIANCE,,,,,,,,,,,,,,,,,,,
2025-11-24 10:35:00+05:30,1541.7,1542.2,1540.6,1541.7,689157,RELIANCE,,,,,,,,,,,,,,,,,,,
2025-11-24 10:37:00+05:30,1541.7,1542.9,1541.7,1542.9,31758,RELIANCE,,,,,,,,,,,,,,,,,,,
2025-11-24 10:39:00+05:30,1542.8,1542.9,1541.2,1541.4,48372,RELIANCE,,,,,,,,,,,,,,,,,,,
2025-11-24 10:41:00+05:30,1541.6,1541.6,1540.5,1541.1,28750,RELIANCE,,,,,,,,,,,,,,,,,,,
2025-11-24 10:43:00+05:30,1541.1,1541.2,1540.2,1540.2,16288,RELIANCE,,,,,,,,,,,,,,,,,,,
2025-11-24 10:45:00+05:30,1540.3,1541.6,1540.1,1541.5,35620,RELIANCE,,,,,,,,,,,,,,,,,,,
2025-11-24 10:47:00+05:30,1541.5,1542.0,1540.9,1541.9,37080,RELIANCE,,,,,,,,,,,,,,,,,,,
2025-11-24 10:49:00+05:30,1542.0,1542.3,1541.2,1541.3,30007,RELIANCE,,,,,,,,,,,,,,,,,,,
2025-11-24 10:51:00+05:30,1541.3,1541.4,1540.1,1540.3,31616,RELIANCE,,,,,,,,,,,,,,,,,,,
2025-11-24 10:53:00+05:30,1540.2,1540.3,1538.0,1538.5,71451,RELIANCE,,,,,,,,,,,,,,,,,,,
2025-11-24 10:55:00+05:30,1538.3,1538.5,1537.0,1537.2,61762,RELIANCE,,,,,,,,,,,,,,,,,,,
2025-11-24 10:57:00+05:30,1537.0,1537.0,1536.4,1536.4,27225,RELIANCE,,,,,,,,,,,,,,,,,,,
2025-11-24 10:59:00+05:30,1536.4,1536.4,1534.4,1535.0,72509,RELIANCE,,,,,,,,,,,,,,,,,,,
2025-11-24 11:01:00+05:30,1535.0,1536.0,1534.6,1535.7,53616,RELIANCE,,,,,,,,,,,,,,,,,,,
2025-11-24 11:03:00+05:30,1535.7,1537.1,1535.5,1536.5,38332,RELIANCE,,,,,,,,,,,,,,,,,,,
2025-11-24 11:05:00+05:30,1536.4,1536.4,1535.7,1535.8,26795,RELIANCE,,,,,,,,,,,,,,,,,,,
2025-11-24 11:07:00+05:30,1535.7,1535.8,1534.5,1535.0,42252,RELIANCE,,,,,,,,,,,,,,,,,,,
2025-11-24 11:09:00+05:30,1535.0,1535.2,1534.4,1534.9,37479,RELIANCE,,,,,,,,,,,,,,,,,,,
2025-11-24 11:11:00+05:30,1534.9,1534.9,1533.4,1534.9,39134,RELIANCE,,,,,,,,,,,,,,,,,,,
2025-11-24 11:13:00+05:30,1534.9,1535.0,1534.4,1534.8,21345,RELIANCE,,,,,,,,,,,,,,,,,,,
2025-11-24 11:15:00+05:30,1534.8,1534.8,1533.7,1534.3,33738,RELIANCE,,,,,,,,,,,,,,,,,,,
2025-11-24 11:17:00+05:30,1534.3,1534.3,1533.7,1533.7,18578,RELIANCE,,,,,,,,,,,,,,,,,,,
2025-11-24 11:19:00+05:30,1533.9,1535.0,1533.5,1534.6,37710,RELIANCE,,,,,,,,,,,,,,,,,,,
2025-11-24 11:21:00+05:30,1534.6,1534.6,1533.2,1534.0,24974,RELIANCE,,,,,,,,,,,,,,,,,,,
2025-11-24 11:23:00+05:30,1534.0,1534.4,1533.9,1534.4,22766,RELIANCE,,,,,,,,,,,,,,,,,,,
2025-11-24 11:25:00+05:30,1534.4,1535.4,1534.4,1535.1,60708,RELIANCE,,,,,,,,,,,,,,,,,,,
2025-11-24 11:27:00+05:30,1535.1,1535.6,1535.0,1535.6,24821,RELIANCE,,,,,,,,,,,,,,,,,,,
2025-11-24 11:29:00+05:30,1535.6,1537.5,1535.3,1536.1,80576,RELIANCE,,,,,,,,,,,,,,,,,,,
2025-11-24 11:31:00+05:30,1536.2,1536.8,1535.9,1536.3,46080,RELIANCE,,,,,,,,,,,,,,,,,,,
2025-11-24 11:33:00+05:30,1536.4,1537.0,1535.9,1536.0,101220,RELIANCE,,,,,,,,,,,,,,,,,,,
2025-11-24 11:35:00+05:30,1536.0,1538.9,1536.0,1538.3,63716,RELIANCE,,,,,,,,,,,,,,,,,,,
2025-11-24 11:37:00+05:30,1538.3,1538.9,1538.0,1538.1,40105,RELIANCE,,,,,,,,,,,,,,,,,,,
2025-11-24 11:39:00+05:30,1538.1,1538.1,1536.4,1537.0,37861,RELIANCE,,,,,,,,,,,,,,,,,,,
2025-11-24 11:41:00+05:30,1537.1,1538.3,1536.8,1537.6,31590,RELIANCE,,,,,,,,,,,,,,,,,,,
2025-11-24 11:43:00+05:30,1537.9,1539.0,1537.3,1538.9,38811,RELIANCE,,,,,,,,,,,,,,,,,,,
2025-11-24 11:45:00+05:30,1538.9,1538.9,1536.4,1537.3,33955,RELIANCE,,,,,,,,,,,,,,,,,,,
2025-11-24 11:47:00+05:30,1537.3,1537.8,1536.6,1536.7,37884,RELIANCE,,,,,,,,,,,,,,,,,,,
2025-11-24 11:49:00+05:30,1536.6,1536.7,1535.1,1535.2,35510,RELIANCE,,,,,,,,,,,,,,,,,,,
2025-11-24 11:51:00+05:30,1535.2,1535.7,1534.4,1534.6,47888,RELIANCE,,,,,,,,,,,,,,,,,,,
2025-11-24 11:53:00+05:30,1534.6,1534.8,1533.4,1533.9,44628,RELIANCE,,,,,,,,,,,,,,,,,,,
2025-11-24 11:55:00+05:30,1534.0,1535.5,1533.9,1534.9,45241,RELIANCE,,,,,,,,,,,,,,,,,,,
2025-11-24 11:57:00+05:30,1534.8,1534.9,1534.0,1534.7,33953,RELIANCE,,,,,,,,,,,,,,,,,,,
2025-11-24 11:59:00+05:30,1534.7,1537.1,1534.4,1535.5,38735,RELIANCE,,,,,,,,,,,,,,,,,,,
2025-11-24 12:01:00+05:30,1535.5,1536.2,1535.5,1535.9,28366,RELIANCE,,,,,,,,,,,,,,,,,,,
2025-11-24 12:03:00+05:30,1535.8,1536.2,1535.5,1535.8,37354,RELIANCE,,,,,,,,,,,,,,,,,,,
2025-11-24 12:05:00+05:30,1535.8,1535.9,1534.8,1535.2,21367,RELIANCE,,,,,,,,,,,,,,,,,,,
2025-11-24 12:07:00+05:30,1535.2,1535.6,1534.5,1534.6,25323,RELIANCE,,,,,,,,,,,,,,,,,,,
2025-11-24 12:09:00+05:30,1534.6,1535.1,1534.0,1534.0,37779,RELIANCE,,,,,,,,,,,,,,,,,,,
2025-11-24 12:11:00+05:30,1534.1,1534.1,1533.8,1533.8,24436,RELIANCE,,,,,,,,,,,,,,,,,,,
2025-11-24 12:13:00+05:30,1533.9,1534.0,1533.6,1533.7,36722,RELIANCE,,,,,,,,,,,,,,,,,,,
2025-11-24 12:15:00+05:30,1533.6,1533.7,1533.5,1533.6,25107,RELIANCE,,,,,,,,,,,,,,,,,,,
2025-11-24 12:17:00+05:30,1533.5,1534.9,1533.5,1534.3,48766,RELIANCE,,,,,,,,,,,,,,,,,,,
2025-11-24 12:19:00+05:30,1534.3,1534.5,1534.1,1534.3,30379,RELIANCE,,,,,,,,,,,,,,,,,,,
2025-11-24 12:21:00+05:30,1534.1,1534.9,1533.9,1534.1,89063,RELIANCE,,,,,,,,,,,,,,,,,,,
2025-11-24 12:23:00+05:30,1534.0,1534.6,1533.7,1534.6,61595,RELIANCE,,,,,,,,,,,,,,,,,,,
2025-11-24 12:25:00+05:30,1534.6,1534.6,1533.5,1533.6,52092,RELIANCE,,,,,,,,,,,,,,,,,,,
2025-11-24 12:27:00+05:30,1533.7,1535.0,1533.3,1534.9,61876,RELIANCE,,,,,,,,,,,,,,,,,,,
2025-11-24 12:29:00+05:30,1534.9,1535.5,1534.7,1534.8,36576,RELIANCE,,,,,,,,,,,,,,,,,,,
2025-11-24 12:31:00+05:30,1534.8,1535.9,1534.0,1535.9,41412,RELIANCE,,,,,,,,,,,,,,,,,,,
2025-11-24 12:33:00+05:30,1535.6,1536.9,1535.6,1536.5,135957,RELIANCE,,,,,,,,,,,,,,,,,,,
2025-11-24 12:35:00+05:30,1536.5,1536.5,1535.6,1535.9,26603,RELIANCE,,,,,,,,,,,,,,,,,,,
2025-11-24 12:37:00+05:30,1535.9,1536.9,1535.7,1536.8,20196,RELIANCE,,,,,,,,,,,,,,,,,,,
2025-11-24 12:39:00+05:30,1536.9,1536.9,1536.0,1536.0,30293,RELIANCE,,,,,,,,,,,,,,,,,,,
2025-11-24 12:41:00+05:30,1536.1,1536.6,1535.7,1536.6,34873,RELIANCE,,,,,,,,,,,,,,,,,,,
2025-11-24 12:43:00+05:30,1536.5,1536.6,1536.2,1536.2,11538,RELIANCE,,,,,,,,,,,,,,,,,,,
2025-11-24 12:45:00+05:30,1536.3,1537.8,1536.2,1537.6,35537,RELIANCE,,,,,,,,,,,,,,,,,,,
2025-11-24 12:47:00+05:30,1537.8,1537.9,1537.5,1537.7,19330,RELIANCE,,,,,,,,,,,,,,,,,,,
2025-11-24 12:49:00+05:30,1537.5,1538.9,1537.5,1538.6,32507,RELIANCE,,,,,,,,,,,,,,,,,,,
2025-11-24 12:51:00+05:30,1538.6,1539.0,1538.3,1538.4,26578,RELIANCE,,,,,,,,,,,,,,,,,,,
2025-11-24 12:53:00+05:30,1538.4,1538.4,1536.5,1536.8,19466,RELIANCE,,,,,,,,,,,,,,,,,,,
2025-11-24 12:55:00+05:30,1536.8,1538.1,1536.3,1538.1,43799,RELIANCE,,,,,,,,,,,,,,,,,,,
2025-11-24 12:57:00+05:30,1538.1,1538.1,1537.6,1537.8,17278,RELIANCE,,,,,,,,,,,,,,,,,,,
2025-11-24 12:59:00+05:30,1537.7,1538.7,1537.6,1538.7,31540,RELIANCE,,,,,,,,,,,,,,,,,,,
2025-11-24 13:01:00+05:30,1538.7,1538.7,1536.5,1536.6,69574,RELIANCE,,,,,,,,,,,,,,,,,,,
2025-11-24 13:03:00+05:30,1537.0,1537.0,1536.1,1536.7,81282,RELIANCE,,,,,,,,,,,,,,,,,,,
2025-11-24 13:05:00+05:30,1536.5,1536.9,1535.5,1535.7,121765,RELIANCE,,,,,,,,,,,,,,,,,,,
2025-11-24 13:07:00+05:30,1535.7,1538.9,1535.4,1538.8,113925,RELIANCE,,,,,,,,,,,,,,,,,,,
2025-11-24 13:09:00+05:30,1538.0,1539.0,1537.6,1538.4,90562,RELIANCE,,,,,,,,,,,,,,,,,,,
2025-11-24 13:11:00+05:30,1538.4,1538.9,1538.1,1538.7,24381,RELIANCE,,,,,,,,,,,,,,,,,,,
2025-11-24 13:13:00+05:30,1538.8,1538.9,1538.6,1538.7,17860,RELIANCE,,,,,,,,,,,,,,,,,,,
2025-11-24 13:15:00+05:30,1538.7,1539.0,1538.2,1538.8,29560,RELIANCE,,,,,,,,,,,,,,,,,,,
2025-11-24 13:17:00+05:30,1538.9,1539.1,1538.7,1539.1,22510,RELIANCE,,,,,,,,,,,,,,,,,,,
2025-11-24 13:19:00+05:30,1539.1,1540.0,1538.8,1540.0,45197,RELIANCE,,,,,,,,,,,,,,,,,,,
2025-11-24 13:21:00+05:30,1540.0,1540.0,1539.0,1539.1,20653,RELIANCE,,,,,,,,,,,,,,,,,,,
2025-11-24 13:23:00+05:30,1539.2,1539.2,1538.2,1538.7,43762,RELIANCE,,,,,,,,,,,,,,,,,,,
2025-11-24 13:25:00+05:30,1538.8,1539.0,1538.6,1538.8,17270,RELIANCE,,,,,,,,,,,,,,,,,,,
2025-11-24 13:27:00+05:30,1538.8,1538.8,1537.2,1537.7,71413,RELIANCE,,,,,,,,,,,,,,,,,,,
2025-11-24 13:29:00+05:30,1537.7,1537.8,1537.0,1537.2,43183,RELIANCE,,,,,,,,,,,,,,,,,,,
2025-11-24 13:31:00+05:30,1537.2,1537.7,1537.0,1537.3,23929,RELIANCE,,,,,,,,,,,,,,,,,,,
2025-11-24 13:33:00+05:30,1537.3,1537.4,1537.0,1537.2,17460,RELIANCE,,,,,,,,,,,,,,,,,,,
2025-11-24 13:35:00+05:30,1537.2,1538.6,1537.1,1538.4,34067,RELIANCE,,,,,,,,,,,,,,,,,,,
2025-11-24 13:37:00+05:30,1538.4,1538.4,1537.0,1537.2,13759,RELIANCE,,,,,,,,,,,,,,,,,,,
2025-11-24 13:39:00+05:30,1537.2,1537.2,1536.3,1536.3,62689,RELIANCE,,,,,,,,,,,,,,,,,,,
2025-11-24 13:41:00+05:30,1536.1,1538.7,1535.5,1538.7,130558,RELIANCE,,,,,,,,,,,,,,,,,,,
2025-11-24 13:43:00+05:30,1538.9,1539.5,1538.0,1539.5,43286,RELIANCE,,,,,,,,,,,,,,,,,,,
2025-11-24 13:45:00+05:30,1539.3,1539.7,1539.3,1539.4,38315,RELIANCE,,,,,,,,,,,,,,,,,,,
2025-11-24 13:47:00+05:30,1539.4,1539.4,1537.5,1538.7,60359,RELIANCE,,,,,,,,,,,,,,,,,,,
2025-11-24 13:49:00+05:30,1538.7,1538.7,1537.6,1537.6,20516,RELIANCE,,,,,,,,,,,,,,,,,,,
2025-11-24 13:51:00+05:30,1537.7,1538.3,1537.6,1538.1,23101,RELIANCE,,,,,,,,,,,,,,,,,,,
2025-11-24 13:53:00+05:30,1537.9,1537.9,1536.6,1537.5,30416,RELIANCE,,,,,,,,,,,,,,,,,,,
2025-11-24 13:55:00+05:30,1537.5,1537.9,1537.0,1537.9,19196,RELIANCE,,,,,,,,,,,,,,,,,,,
2025-11-24 13:57:00+05:30,1537.9,1537.9,1537.1,1537.4,13519,RELIANCE,,,,,,,,,,,,,,,,,,,
2025-11-24 13:59:00+05:30,1537.4,1537.4,1536.1,1537.1,28834,RELIANCE,,,,,,,,,,,,,,,,,,,
2025-11-24 14:01:00+05:30,1537.1,1537.1,1535.9,1535.9,34635,RELIANCE,,,,,,,,,,,,,,,,,,,
2025-11-24 14:03:00+05:30,1535.9,1536.4,1535.8,1536.0,20204,RELIANCE,,,,,,,,,,,,,,,,,,,
2025-11-24 14:05:00+05:30,1535.9,1536.7,1535.6,1536.1,117622,RELIANCE,,,,,,,,,,,,,,,,,,,
2025-11-24 14:07:00+05:30,1536.0,1537.3,1536.0,1536.5,49106,RELIANCE,,,,,,,,,,,,,,,,,,,
2025-11-24 14:09:00+05:30,1536.5,1536.9,1535.4,1535.8,37959,RELIANCE,,,,,,,,,,,,,,,,,,,
2025-11-24 14:11:00+05:30,1536.1,1538.0,1535.9,1537.5,99803,RELIANCE,,,,,,,,,,,,,,,,,,,
2025-11-24 14:13:00+05:30,1537.5,1537.9,1537.1,1537.8,80815,RELIANCE,,,,,,,,,,,,,,,,,,,
2025-11-24 14:15:00+05:30,1537.7,1538.0,1537.2,1538.0,81304,RELIANCE,,,,,,,,,,,,,,,,,,,
2025-11-24 14:17:00+05:30,1538.0,1539.7,1537.9,1539.3,82753,RELIANCE,,,,,,,,,,,,,,,,,,,
2025-11-24 14:19:00+05:30,1538.9,1539.6,1536.2,1537.2,85863,RELIANCE,,,,,,,,,,,,,,,,,,,
2025-11-24 14:21:00+05:30,1537.3,1537.4,1536.6,1536.8,16959,RELIANCE,,,,,,,,,,,,,,,,,,,
2025-11-24 14:23:00+05:30,1536.7,1536.9,1536.7,1536.7,13527,RELIANCE,,,,,,,,,,,,,,,,,,,
2025-11-24 14:25:00+05:30,1536.8,1537.6,1535.9,1536.4,75575,RELIANCE,,,,,,,,,,,,,,,,,,,
2025-11-24 14:27:00+05:30,1536.4,1537.2,1536.0,1536.4,25617,RELIANCE,,,,,,,,,,,,,,,,,,,
2025-11-24 14:29:00+05:30,1536.4,1536.9,1535.8,1536.9,45433,RELIANCE,,,,,,,,,,,,,,,,,,,
2025-11-24 14:31:00+05:30,1536.9,1537.7,1536.7,1536.9,31945,RELIANCE,,,,,,,,,,,,,,,,,,,
2025-11-24 14:33:00+05:30,1536.9,1536.9,1535.5,1535.6,18054,RELIANCE,,,,,,,,,,,,,,,,,,,
2025-11-24 14:35:00+05:30,1535.5,1535.5,1535.0,1535.2,96212,RELIANCE,,,,,,,,,,,,,,,,,,,
2025-11-24 14:37:00+05:30,1535.4,1537.4,1535.4,1537.0,98562,RELIANCE,,,,,,,,,,,,,,,,,,,
2025-11-24 14:39:00+05:30,1537.0,1537.0,1536.5,1536.9,13174,RELIANCE,,,,,,,,,,,,,,,,,,,
2025-11-24 14:41:00+05:30,1536.9,1538.4,1536.7,1538.1,41476,RELIANCE,,,,,,,,,,,,,,,,,,,
2025-11-24 14:43:00+05:30,1538.1,1538.4,1536.8,1536.8,20117,RELIANCE,,,,,,,,,,,,,,,,,,,
2025-11-24 14:45:00+05:30,1537.2,1537.9,1536.9,1537.9,26549,RELIANCE,,,,,,,,,,,,,,,,,,,
2025-11-24 14:47:00+05:30,1537.9,1539.1,1537.4,1539.1,36476,RELIANCE,,,,,,,,,,,,,,,,,,,
2025-11-24 14:49:00+05:30,1539.0,1539.4,1538.5,1539.3,67105,RELIANCE,,,,,,,,,,,,,,,,,,,
2025-11-24 14:51:00+05:30,1539.2,1540.9,1538.9,1540.1,149282,RELIANCE,,,,,,,,,,,,,,,,,,,
2025-11-24 14:53:00+05:30,1540.0,1540.4,1539.4,1539.5,65224,RELIANCE,,,,,,,,,,,,,,,,,,,
2025-11-24 14:55:00+05:30,1539.6,1541.3,1539.6,1541.3,47318,RELIANCE,,,,,,,,,,,,,,,,,,,
2025-11-24 14:57:00+05:30,1541.3,1543.8,1541.2,1543.3,131597,RELIANCE,,,,,,,,,,,,,,,,,,,
2025-11-24 14:59:00+05:30,1543.2,1544.4,1542.8,1543.9,589861,RELIANCE,,,,,,,,,,,,,,,,,,,
2025-11-24 15:01:00+05:30,1543.8,1543.9,1536.1,1536.3,756705,RELIANCE,,,,,,,,,,,,,,,,,,,
2025-11-24 15:03:00+05:30,1536.1,1536.4,1534.3,1534.5,885585,RELIANCE,,,,,,,,,,,,,,,,,,,
2025-11-24 15:05:00+05:30,1534.4,1535.2,1533.9,1534.0,797102,RELIANCE,,,,,,,,,,,,,,,,,,,
2025-11-24 15:07:00+05:30,1533.9,1535.1,1533.7,1534.2,874919,RELIANCE,,,,,,,,,,,,,,,,,,,
2025-11-24 15:09:00+05:30,1534.2,1536.3,1533.9,1536.1,650991,RELIANCE,,,,,,,,,,,,,,,,,,,
2025-11-24 15:11:00+05:30,1536.1,1536.1,1535.6,1535.7,738252,RELIANCE,,,,,,,,,,,,,,,,,,,
2025-11-24 15:13:00+05:30,1535.7,1535.8,1535.3,1535.3,566725,RELIANCE,,,,,,,,,,,,,,,,,,,
2025-11-24 15:15:00+05:30,1535.4,1536.4,1534.1,1536.2,832983,RELIANCE,,,,,,,,,,,,,,,,,,,
2025-11-24 15:17:00+05:30,1536.3,1536.3,1535.9,1535.9,523084,RELIANCE,,,,,,,,,,,,,,,,,,,
2025-11-24 15:19:00+05:30,1535.9,1535.9,1535.0,1535.2,595665,RELIANCE,,,,,,,,,,,,,,,,,,,
2025-11-24 15:21:00+05:30,1535.0,1535.1,1534.5,1534.6,602242,RELIANCE,,,,,,,,,,,,,,,,,,,
2025-11-24 15:23:00+05:30,1534.6,1534.7,1534.4,1534.6,546635,RELIANCE,,,,,,,,,,,,,,,,,,,
2025-11-24 15:25:00+05:30,1534.5,1535.1,1534.4,1535.1,640190,RELIANCE,,,,,,,,,,,,,,,,,,,
2025-11-24 15:27:00+05:30,1535.1,1535.3,1531.8,1535.2,483057,RELIANCE,,,,,,,,,,,,,,,,,,,
2025-11-24 15:29:00+05:30,1534.1,1536.5,1534.1,1534.8,29260,RELIANCE,,,,,,,,,,,,,,,,,,,
2025-11-25 09:15:00+05:30,1535.9,1538.1,1525.1,1527.4,413678,RELIANCE,1538.1,1525.1,1534.745238095238,1525.895238095238,,,,,1557.7,1526.4,1.0,0.0,0.0,-1.0,0.0,2 mins,Trapping_expect Bearish reversal,1.0,0.0
2025-11-25 09:17:00+05:30,1527.2,1534.4,1526.4,1534.0,159832,RELIANCE,,,,,,,,,,,,,,,,,,,
2025-11-25 09:19:00+05:30,1534.1,1540.6,1534.1,1538.9,177551,RELIANCE,,,,,,,,,,,,,,,,,,,
2025-11-25 09:21:00+05:30,1538.9,1543.4,1538.8,1541.8,85393,RELIANCE,,,,,,,,,,,,,,,,,,,
2025-11-25 09:23:00+05:30,1542.0,1548.0,1541.5,1547.6,152193,RELIANCE,,,,,,,,,,,,,,,,,,,
2025-11-25 09:25:00+05:30,1547.3,1551.9,1547.3,1551.6,218957,RELIANCE,,,,,,,,,,,,,,,,,,,
2025-11-25 09:27:00+05:30,1551.8,1553.9,1551.0,1552.3,95119,RELIANCE,,,,,,,,,,,,,,,,,,,
2025-11-25 09:29:00+05:30,1552.3,1556.5,1551.0,1555.8,198997,RELIANCE,,,,,,,,,,,,,,,,,,,
2025-11-25 09:31:00+05:30,1555.7,1557.7,1553.3,1556.1,169933,RELIANCE,,,,,,,,,,,,,,,,,,,
2025-11-25 09:33:00+05:30,1556.4,1557.3,1554.4,1555.2,107081,RELIANCE,,,,,,,,,,,,,,,,,,,
2025-11-25 09:35:00+05:30,1555.2,1555.8,1553.7,1554.1,48923,RELIANCE,1562.6,1553.7,1561.2952380952377,1552.4452380952378,Momentum,Bullish,Bullish • Strong price–volume expansion beyond opening range/VWAP — directional momentum.,Bullish plan • Enter with trend; use VWAP/ORB boundary as stop. Trail with swing lows/highs.,1559.6,1553.0,0.0,0.0,-1.0,0.0,0.0,2 mins,U-turn_expect Bearish reversal,0.0,0.0
2025-11-25 09:37:00+05:30,1554.0,1555.2,1553.8,1554.8,65614,RELIANCE,,,,,,,,,,,,,,,,,,,
2025-11-25 09:39:00+05:30,1554.8,1556.7,1554.8,1556.7,84464,RELIANCE,,,,,,,,,,,,,,,,,,,
2025-11-25 09:41:00+05:30,1557.0,1558.7,1556.2,1557.0,123407,RELIANCE,,,,,,,,,,,,,,,,,,,
2025-11-25 09:43:00+05:30,1557.1,1558.0,1556.2,1556.4,79881,RELIANCE,,,,,,,,,,,,,,,,,,,
2025-11-25 09:45:00+05:30,1556.6,1559.6,1556.0,1558.4,123154,RELIANCE,,,,,,,,,,,,,,,,,,,
2025-11-25 09:47:00+05:30,1558.4,1559.4,1557.5,1559.0,68590,RELIANCE,,,,,,,,,,,,,,,,,,,
2025-11-25 09:49:00+05:30,1559.1,1559.3,1557.0,1557.1,108523,RELIANCE,,,,,,,,,,,,,,,,,,,
2025-11-25 09:51:00+05:30,1557.4,1557.5,1553.2,1553.7,89211,RELIANCE,,,,,,,,,,,,,,,,,,,
2025-11-25 09:53:00+05:30,1553.9,1554.2,1553.0,1553.2,41365,RELIANCE,,,,,,,,,,,,,,,,,,,
2025-11-25 09:55:00+05:30,1553.6,1554.8,1553.3,1554.3,44288,RELIANCE,,,,,,,,,,,,,,,,,,,
2025-11-25 09:57:00+05:30,1554.4,1554.4,1553.2,1553.2,38630,RELIANCE,,,,,,,,,,,,,,,,,,,
2025-11-25 09:59:00+05:30,1553.1,1554.8,1552.6,1554.8,64555,RELIANCE,,,,,,,,,,,,,,,,,,,
2025-11-25 10:01:00+05:30,1554.8,1555.1,1553.0,1553.0,39312,RELIANCE,,,,,,,,,,,,,,,,,,,
2025-11-25 10:03:00+05:30,1553.0,1553.0,1550.3,1550.8,69866,RELIANCE,,,,,,,,,,,,,,,,,,,
2025-11-25 10:05:00+05:30,1551.0,1553.3,1550.7,1551.8,31287,RELIANCE,,,,,,,,,,,,,,,,,,,
2025-11-25 10:07:00+05:30,1551.9,1552.4,1551.6,1552.0,20605,RELIANCE,,,,,,,,,,,,,,,,,,,
2025-11-25 10:09:00+05:30,1552.0,1554.8,1551.9,1554.2,38808,RELIANCE,,,,,,,,,,,,,,,,,,,
2025-11-25 10:11:00+05:30,1554.2,1556.4,1554.2,1556.1,51599,RELIANCE,,,,,,,,,,,,,,,,,,,
2025-11-25 10:13:00+05:30,1556.1,1556.7,1555.5,1556.4,30279,RELIANCE,,,,,,,,,,,,,,,,,,,
2025-11-25 10:15:00+05:30,1555.9,1557.0,1555.6,1556.1,50010,RELIANCE,,,,,,,,,,,,,,,,,,,
2025-11-25 10:17:00+05:30,1555.6,1556.1,1554.8,1554.8,22343,RELIANCE,,,,,,,,,,,,,,,,,,,
2025-11-25 10:19:00+05:30,1554.8,1555.7,1552.2,1553.4,49101,RELIANCE,1558.48,1541.1,1554.3488888888892,1549.2444444444448,Volatility_Squeeze,Bullish,Bullish • Volatility compression regime; expansion likely on breakout.,"Bullish plan • Wait for first wide-range breakout candle with RVOL_TOD>1.3, then enter.",1553.5,1547.5,0.0,0.0,-1.0,0.0,0.0,2 mins,U-turn_expect Bearish reversal,0.0,0.0
2025-11-25 10:21:00+05:30,1553.5,1553.5,1552.0,1552.1,35410,RELIANCE,,,,,,,,,,,,,,,,,,,
2025-11-25 10:23:00+05:30,1552.1,1552.1,1548.1,1549.0,94222,RELIANCE,,,,,,,,,,,,,,,,,,,
2025-11-25 10:25:00+05:30,1549.1,1549.3,1547.5,1548.2,34401,RELIANCE,,,,,,,,,,,,,,,,,,,
2025-11-25 10:27:00+05:30,1548.1,1549.0,1548.0,1548.8,30465,RELIANCE,,,,,,,,,,,,,,,,,,,
2025-11-25 10:29:00+05:30,1548.9,1550.5,1548.8,1550.3,61090,RELIANCE,1562.18,1546.99,1554.3488888888892,1549.2444444444448,Momentum,Bullish,Bullish • Strong price–volume expansion beyond opening range/VWAP — directional momentum.,Bullish plan • Enter with trend; use VWAP/ORB boundary as stop. Trail with swing lows/highs.,1552.0,1549.1,0.0,0.0,1.0,0.0,0.0,2 mins,U-turn_expect Bullish reversal,1.0,0.0
2025-11-25 10:31:00+05:30,1550.2,1550.9,1550.2,1550.6,22577,RELIANCE,,,,,,,,,,,,,,,,,,,
2025-11-25 10:33:00+05:30,1550.6,1551.4,1550.3,1551.0,39431,RELIANCE,,,,,,,,,,,,,,,,,,,
2025-11-25 10:35:00+05:30,1551.1,1552.0,1551.0,1551.0,69140,RELIANCE,,,,,,,,,,,,,,,,,,,
2025-11-25 10:37:00+05:30,1551.0,1551.2,1551.0,1551.1,18551,RELIANCE,,,,,,,,,,,,,,,,,,,
2025-11-25 10:39:00+05:30,1551.2,1551.2,1549.3,1550.1,39432,RELIANCE,,,,,,,,,,,,,,,,,,,
2025-11-25 10:41:00+05:30,1550.1,1550.4,1549.9,1550.2,20897,RELIANCE,,,,,,,,,,,,,,,,,,,
2025-11-25 10:43:00+05:30,1550.1,1550.3,1550.0,1550.1,22930,RELIANCE,,,,,,,,,,,,,,,,,,,
2025-11-25 10:45:00+05:30,1550.2,1550.2,1549.1,1549.5,63399,RELIANCE,,,,,,,,,,,,,,,,,,,
2025-11-25 10:47:00+05:30,1549.7,1550.0,1549.5,1549.5,44817,RELIANCE,,,,,,,,,,,,,,,,,,,
2025-11-25 10:49:00+05:30,1549.6,1550.2,1549.5,1550.0,45482,RELIANCE,,,,,,,,,,,,,,,,,,,
2025-11-25 10:51:00+05:30,1550.2,1552.6,1549.9,1551.3,51476,RELIANCE,,,,,,,,,,,,,,,,,,,
2025-11-25 10:53:00+05:30,1551.3,1552.7,1549.4,1549.4,69453,RELIANCE,,,,,,,,,,,,,,,,,,,
2025-11-25 10:55:00+05:30,1549.8,1550.5,1548.5,1549.0,61045,RELIANCE,,,,,,,,,,,,,,,,,,,
2025-11-25 10:57:00+05:30,1549.1,1549.2,1548.7,1548.8,21455,RELIANCE,,,,,,,,,,,,,,,,,,,
2025-11-25 10:59:00+05:30,1548.8,1549.5,1548.2,1549.2,145580,RELIANCE,,,,,,,,,,,,,,,,,,,
2025-11-25 11:01:00+05:30,1549.2,1549.4,1549.0,1549.0,20719,RELIANCE,,,,,,,,,,,,,,,,,,,
2025-11-25 11:03:00+05:30,1549.1,1549.7,1549.0,1549.5,25830,RELIANCE,,,,,,,,,,,,,,,,,,,
2025-11-25 11:05:00+05:30,1549.5,1549.9,1549.0,1549.3,12830,RELIANCE,,,,,,,,,,,,,,,,,,,
2025-11-25 11:07:00+05:30,1549.3,1549.8,1549.0,1549.6,28121,RELIANCE,,,,,,,,,,,,,,,,,,,
2025-11-25 11:09:00+05:30,1549.5,1550.0,1549.0,1549.5,27876,RELIANCE,,,,,,,,,,,,,,,,,,,
2025-11-25 11:11:00+05:30,1549.5,1550.0,1549.4,1550.0,16446,RELIANCE,,,,,,,,,,,,,,,,,,,
2025-11-25 11:13:00+05:30,1549.9,1550.5,1549.5,1550.0,51608,RELIANCE,,,,,,,,,,,,,,,,,,,
2025-11-25 11:15:00+05:30,1550.0,1550.1,1549.5,1549.5,30939,RELIANCE,,,,,,,,,,,,,,,,,,,
2025-11-25 11:17:00+05:30,1549.6,1550.0,1549.2,1550.0,15620,RELIANCE,,,,,,,,,,,,,,,,,,,
2025-11-25 11:19:00+05:30,1550.0,1550.0,1549.6,1550.0,21426,RELIANCE,,,,,,,,,,,,,,,,,,,
2025-11-25 11:21:00+05:30,1549.9,1550.0,1549.5,1549.6,12723,RELIANCE,,,,,,,,,,,,,,,,,,,
2025-11-25 11:23:00+05:30,1549.6,1551.0,1549.5,1550.9,32940,RELIANCE,,,,,,,,,,,,,,,,,,,
2025-11-25 11:25:00+05:30,1551.0,1552.0,1550.9,1551.9,31112,RELIANCE,,,,,,,,,,,,,,,,,,,
2025-11-25 11:27:00+05:30,1551.7,1552.5,1551.5,1552.0,42376,RELIANCE,,,,,,,,,,,,,,,,,,,
2025-11-25 11:29:00+05:30,1552.0,1553.0,1551.7,1552.9,32295,RELIANCE,,,,,,,,,,,,,,,,,,,
2025-11-25 11:31:00+05:30,1552.7,1553.0,1552.4,1552.6,16507,RELIANCE,,,,,,,,,,,,,,,,,,,
2025-11-25 11:33:00+05:30,1552.5,1553.5,1552.3,1553.4,69079,RELIANCE,,,,,,,,,,,,,,,,,,,
2025-11-25 11:35:00+05:30,1553.3,1554.0,1552.9,1553.8,41591,RELIANCE,,,,,,,,,,,,,,,,,,,
2025-11-25 11:37:00+05:30,1553.8,1553.8,1552.0,1552.8,61941,RELIANCE,,,,,,,,,,,,,,,,,,,
2025-11-25 11:39:00+05:30,1553.3,1553.5,1552.3,1552.8,23189,RELIANCE,,,,,,,,,,,,,,,,,,,
2025-11-25 11:41:00+05:30,1552.8,1552.8,1551.2,1551.2,47541,RELIANCE,,,,,,,,,,,,,,,,,,,
2025-11-25 11:43:00+05:30,1551.2,1551.6,1549.6,1550.0,20352,RELIANCE,,,,,,,,,,,,,,,,,,,
2025-11-25 11:45:00+05:30,1550.0,1551.3,1549.5,1550.8,79036,RELIANCE,,,,,,,,,,,,,,,,,,,
2025-11-25 11:47:00+05:30,1550.8,1550.9,1550.5,1550.7,14866,RELIANCE,,,,,,,,,,,,,,,,,,,
2025-11-25 11:49:00+05:30,1550.7,1551.9,1550.7,1551.5,20765,RELIANCE,,,,,,,,,,,,,,,,,,,
2025-11-25 11:51:00+05:30,1551.9,1552.4,1551.4,1551.7,65396,RELIANCE,1552.4,1547.62,1554.7479166666667,1549.6020833333332,Momentum,Bullish,Bullish • Strong price–volume expansion beyond opening range/VWAP — directional momentum.,Bullish plan • Enter with trend; use VWAP/ORB boundary as stop. Trail with swing lows/highs.,1552.2,1544.6,0.0,0.0,1.0,0.0,0.0,2 mins,U-turn_expect Bullish reversal,0.0,0.0
2025-11-25 11:53:00+05:30,1551.7,1552.2,1550.4,1550.5,79576,RELIANCE,,,,,,,,,,,,,,,,,,,
2025-11-25 11:55:00+05:30,1550.6,1551.4,1549.4,1551.4,80780,RELIANCE,,,,,,,,,,,,,,,,,,,
2025-11-25 11:57:00+05:30,1551.0,1552.1,1550.2,1550.3,45062,RELIANCE,,,,,,,,,,,,,,,,,,,
2025-11-25 11:59:00+05:30,1550.3,1550.3,1548.7,1548.8,154173,RELIANCE,,,,,,,,,,,,,,,,,,,
2025-11-25 12:01:00+05:30,1549.0,1549.3,1548.5,1548.5,130808,RELIANCE,,,,,,,,,,,,,,,,,,,
2025-11-25 12:03:00+05:30,1548.5,1548.7,1547.1,1547.5,199893,RELIANCE,,,,,,,,,,,,,,,,,,,
2025-11-25 12:05:00+05:30,1547.3,1548.8,1547.2,1547.9,32144,RELIANCE,,,,,,,,,,,,,,,,,,,
2025-11-25 12:07:00+05:30,1548.0,1548.6,1547.0,1548.2,113323,RELIANCE,,,,,,,,,,,,,,,,,,,
2025-11-25 12:09:00+05:30,1548.2,1548.2,1545.6,1545.9,115695,RELIANCE,,,,,,,,,,,,,,,,,,,
2025-11-25 12:11:00+05:30,1545.9,1546.0,1544.6,1544.6,138076,RELIANCE,,,,,,,,,,,,,,,,,,,
2025-11-25 12:13:00+05:30,1544.6,1546.1,1544.1,1545.6,88924,RELIANCE,,,,,,,,,,,,,,,,,,,
2025-11-25 12:15:00+05:30,1545.6,1546.9,1545.2,1546.4,118927,RELIANCE,,,,,,,,,,,,,,,,,,,
2025-11-25 12:17:00+05:30,1546.5,1546.9,1545.6,1545.7,29574,RELIANCE,,,,,,,,,,,,,,,,,,,
2025-11-25 12:19:00+05:30,1545.7,1545.7,1543.6,1544.3,113026,RELIANCE,,,,,,,,,,,,,,,,,,,
2025-11-25 12:21:00+05:30,1544.3,1545.7,1544.2,1545.0,29004,RELIANCE,,,,,,,,,,,,,,,,,,,
2025-11-25 12:23:00+05:30,1545.0,1546.0,1545.0,1546.0,20919,RELIANCE,,,,,,,,,,,,,,,,,,,
2025-11-25 12:25:00+05:30,1546.0,1546.8,1546.0,1546.7,27324,RELIANCE,,,,,,,,,,,,,,,,,,,
2025-11-25 12:27:00+05:30,1546.7,1546.9,1545.8,1545.9,63993,RELIANCE,,,,,,,,,,,,,,,,,,,
2025-11-25 12:29:00+05:30,1545.8,1546.2,1545.1,1545.6,38503,RELIANCE,,,,,,,,,,,,,,,,,,,
2025-11-25 12:31:00+05:30,1545.5,1546.9,1545.4,1546.6,61277,RELIANCE,,,,,,,,,,,,,,,,,,,
2025-11-25 12:33:00+05:30,1546.4,1547.4,1546.3,1547.2,98993,RELIANCE,,,,,,,,,,,,,,,,,,,
2025-11-25 12:35:00+05:30,1547.2,1547.9,1547.0,1547.9,54228,RELIANCE,,,,,,,,,,,,,,,,,,,
2025-11-25 12:37:00+05:30,1547.9,1548.3,1547.1,1547.5,88933,RELIANCE,,,,,,,,,,,,,,,,,,,
2025-11-25 12:39:00+05:30,1547.7,1547.8,1546.8,1547.4,94259,RELIANCE,,,,,,,,,,,,,,,,,,,
2025-11-25 12:41:00+05:30,1547.7,1548.9,1547.2,1548.4,78525,RELIANCE,,,,,,,,,,,,,,,,,,,
2025-11-25 12:43:00+05:30,1548.3,1549.1,1548.2,1549.0,44990,RELIANCE,,,,,,,,,,,,,,,,,,,
2025-11-25 12:45:00+05:30,1549.0,1549.5,1548.7,1549.2,23088,RELIANCE,,,,,,,,,,,,,,,,,,,
2025-11-25 12:47:00+05:30,1549.2,1549.2,1548.1,1548.4,19928,RELIANCE,,,,,,,,,,,,,,,,,,,
2025-11-25 12:49:00+05:30,1548.4,1548.4,1547.1,1547.6,19538,RELIANCE,,,,,,,,,,,,,,,,,,,
2025-11-25 12:51:00+05:30,1547.7,1548.6,1547.2,1548.2,19599,RELIANCE,,,,,,,,,,,,,,,,,,,
2025-11-25 12:53:00+05:30,1548.3,1548.5,1548.2,1548.5,11126,RELIANCE,,,,,,,,,,,,,,,,,,,
2025-11-25 12:55:00+05:30,1548.4,1550.0,1548.4,1549.9,48684,RELIANCE,,,,,,,,,,,,,,,,,,,
2025-11-25 12:57:00+05:30,1550.3,1552.4,1550.2,1552.2,180974,RELIANCE,,,,,,,,,,,,,,,,,,,
2025-11-25 12:59:00+05:30,1552.2,1552.3,1547.5,1547.5,108456,RELIANCE,,,,,,,,,,,,,,,,,,,
2025-11-25 13:01:00+05:30,1547.9,1550.4,1547.8,1549.6,44218,RELIANCE,,,,,,,,,,,,,,,,,,,
2025-11-25 13:03:00+05:30,1549.7,1550.4,1548.6,1550.0,19494,RELIANCE,,,,,,,,,,,,,,,,,,,
2025-11-25 13:05:00+05:30,1549.9,1550.0,1549.0,1549.0,13527,RELIANCE,,,,,,,,,,,,,,,,,,,
2025-11-25 13:07:00+05:30,1549.0,1550.5,1548.8,1549.9,17769,RELIANCE,,,,,,,,,,,,,,,,,,,
2025-11-25 13:09:00+05:30,1549.7,1552.1,1549.7,1551.8,134690,RELIANCE,,,,,,,,,,,,,,,,,,,
2025-11-25 13:11:00+05:30,1551.9,1552.5,1548.4,1548.5,102685,RELIANCE,,,,,,,,,,,,,,,,,,,
2025-11-25 13:13:00+05:30,1548.5,1549.2,1548.0,1548.4,128122,RELIANCE,,,,,,,,,,,,,,,,,,,
2025-11-25 13:15:00+05:30,1548.5,1549.7,1548.2,1549.5,24434,RELIANCE,,,,,,,,,,,,,,,,,,,
2025-11-25 13:17:00+05:30,1549.7,1549.9,1549.5,1549.6,14019,RELIANCE,,,,,,,,,,,,,,,,,,,
2025-11-25 13:19:00+05:30,1549.6,1549.7,1548.5,1548.9,17847,RELIANCE,,,,,,,,,,,,,,,,,,,
2025-11-25 13:21:00+05:30,1548.7,1549.9,1548.6,1549.4,23424,RELIANCE,,,,,,,,,,,,,,,,,,,
2025-11-25 13:23:00+05:30,1549.4,1549.5,1549.1,1549.2,18828,RELIANCE,,,,,,,,,,,,,,,,,,,
2025-11-25 13:25:00+05:30,1549.1,1549.3,1548.8,1549.1,14684,RELIANCE,,,,,,,,,,,,,,,,,,,
2025-11-25 13:27:00+05:30,1549.1,1550.0,1548.8,1549.2,22698,RELIANCE,,,,,,,,,,,,,,,,,,,
2025-11-25 13:29:00+05:30,1549.3,1549.9,1549.0,1549.7,13597,RELIANCE,,,,,,,,,,,,,,,,,,,
2025-11-25 13:31:00+05:30,1549.8,1549.8,1547.7,1547.9,106700,RELIANCE,,,,,,,,,,,,,,,,,,,
2025-11-25 13:33:00+05:30,1547.9,1549.7,1547.5,1549.7,192482,RELIANCE,,,,,,,,,,,,,,,,,,,
2025-11-25 13:35:00+05:30,1549.6,1550.4,1548.9,1549.8,88177,RELIANCE,,,,,,,,,,,,,,,,,,,
2025-11-25 13:37:00+05:30,1549.9,1550.3,1549.1,1550.0,104967,RELIANCE,,,,,,,,,,,,,,,,,,,
2025-11-25 13:39:00+05:30,1550.1,1550.5,1548.2,1548.4,60360,RELIANCE,,,,,,,,,,,,,,,,,,,
2025-11-25 13:41:00+05:30,1548.2,1549.5,1548.1,1549.5,19025,RELIANCE,,,,,,,,,,,,,,,,,,,
2025-11-25 13:43:00+05:30,1549.3,1550.0,1548.5,1548.7,25615,RELIANCE,,,,,,,,,,,,,,,,,,,
2025-11-25 13:45:00+05:30,1548.7,1550.2,1548.3,1550.2,32988,RELIANCE,,,,,,,,,,,,,,,,,,,
2025-11-25 13:47:00+05:30,1550.2,1551.2,1550.0,1550.1,57949,RELIANCE,,,,,,,,,,,,,,,,,,,
2025-11-25 13:49:00+05:30,1550.0,1550.1,1548.7,1548.7,110300,RELIANCE,,,,,,,,,,,,,,,,,,,
2025-11-25 13:51:00+05:30,1548.7,1550.9,1548.7,1550.3,64298,RELIANCE,,,,,,,,,,,,,,,,,,,
2025-11-25 13:53:00+05:30,1550.3,1550.4,1549.4,1550.3,44239,RELIANCE,,,,,,,,,,,,,,,,,,,
2025-11-25 13:55:00+05:30,1550.3,1551.3,1550.1,1550.1,104530,RELIANCE,,,,,,,,,,,,,,,,,,,
2025-11-25 13:57:00+05:30,1550.2,1550.6,1549.3,1549.5,95423,RELIANCE,,,,,,,,,,,,,,,,,,,
2025-11-25 13:59:00+05:30,1549.4,1550.3,1549.4,1549.7,23961,RELIANCE,,,,,,,,,,,,,,,,,,,
2025-11-25 14:01:00+05:30,1549.7,1549.7,1548.5,1548.5,38529,RELIANCE,,,,,,,,,,,,,,,,,,,
2025-11-25 14:03:00+05:30,1548.5,1549.8,1548.5,1549.8,33900,RELIANCE,,,,,,,,,,,,,,,,,,,
2025-11-25 14:05:00+05:30,1549.8,1549.9,1549.5,1549.9,43674,RELIANCE,,,,,,,,,,,,,,,,,,,
2025-11-25 14:07:00+05:30,1549.8,1549.9,1548.5,1548.6,14687,RELIANCE,,,,,,,,,,,,,,,,,,,
2025-11-25 14:09:00+05:30,1548.5,1549.2,1547.8,1549.2,52373,RELIANCE,,,,,,,,,,,,,,,,,,,
2025-11-25 14:11:00+05:30,1549.2,1549.9,1549.2,1549.8,37123,RELIANCE,,,,,,,,,,,,,,,,,,,
2025-11-25 14:13:00+05:30,1549.8,1550.4,1549.8,1550.2,64845,RELIANCE,,,,,,,,,,,,,,,,,,,
2025-11-25 14:15:00+05:30,1550.3,1550.3,1548.2,1548.9,67639,RELIANCE,,,,,,,,,,,,,,,,,,,
2025-11-25 14:17:00+05:30,1548.8,1550.2,1548.5,1549.0,190701,RELIANCE,,,,,,,,,,,,,,,,,,,
2025-11-25 14:19:00+05:30,1548.7,1549.3,1548.5,1549.0,18415,RELIANCE,,,,,,,,,,,,,,,,,,,
2025-11-25 14:21:00+05:30,1549.0,1550.0,1548.9,1549.5,54378,RELIANCE,,,,,,,,,,,,,,,,,,,
2025-11-25 14:23:00+05:30,1549.5,1549.5,1548.6,1548.8,17669,RELIANCE,,,,,,,,,,,,,,,,,,,
2025-11-25 14:25:00+05:30,1548.8,1549.1,1548.6,1549.1,19816,RELIANCE,,,,,,,,,,,,,,,,,,,
2025-11-25 14:27:00+05:30,1549.1,1549.1,1548.6,1548.7,17839,RELIANCE,,,,,,,,,,,,,,,,,,,
2025-11-25 14:29:00+05:30,1548.8,1549.1,1548.0,1548.1,76402,RELIANCE,,,,,,,,,,,,,,,,,,,
2025-11-25 14:31:00+05:30,1548.0,1549.6,1547.9,1548.8,97920,RELIANCE,,,,,,,,,,,,,,,,,,,
2025-11-25 14:33:00+05:30,1548.8,1549.1,1548.3,1548.8,29129,RELIANCE,,,,,,,,,,,,,,,,,,,
2025-11-25 14:35:00+05:30,1548.8,1549.5,1548.0,1548.8,34386,RELIANCE,,,,,,,,,,,,,,,,,,,
2025-11-25 14:37:00+05:30,1548.8,1548.9,1548.1,1548.7,30204,RELIANCE,,,,,,,,,,,,,,,,,,,
2025-11-25 14:39:00+05:30,1548.7,1549.0,1546.9,1547.3,62452,RELIANCE,,,,,,,,,,,,,,,,,,,
2025-11-25 14:41:00+05:30,1547.1,1548.5,1547.0,1548.1,25647,RELIANCE,,,,,,,,,,,,,,,,,,,
2025-11-25 14:43:00+05:30,1548.1,1548.4,1547.2,1548.1,120149,RELIANCE,,,,,,,,,,,,,,,,,,,
2025-11-25 14:45:00+05:30,1548.0,1548.3,1547.0,1547.4,95847,RELIANCE,,,,,,,,,,,,,,,,,,,
2025-11-25 14:47:00+05:30,1547.4,1547.5,1546.8,1546.9,70085,RELIANCE,,,,,,,,,,,,,,,,,,,
2025-11-25 14:49:00+05:30,1546.9,1547.4,1546.7,1546.7,44289,RELIANCE,,,,,,,,,,,,,,,,,,,
2025-11-25 14:51:00+05:30,1546.8,1546.9,1545.5,1546.2,51801,RELIANCE,,,,,,,,,,,,,,,,,,,
2025-11-25 14:53:00+05:30,1546.0,1546.1,1543.8,1544.2,118990,RELIANCE,,,,,,,,,,,,,,,,,,,
2025-11-25 14:55:00+05:30,1544.1,1544.6,1542.8,1544.2,106667,RELIANCE,,,,,,,,,,,,,,,,,,,
2025-11-25 14:57:00+05:30,1544.2,1544.7,1542.9,1543.5,53488,RELIANCE,,,,,,,,,,,,,,,,,,,
2025-11-25 14:59:00+05:30,1543.5,1543.8,1541.6,1542.6,229887,RELIANCE,,,,,,,,,,,,,,,,,,,
2025-11-25 15:01:00+05:30,1542.4,1542.4,1537.4,1538.0,322838,RELIANCE,,,,,,,,,,,,,,,,,,,
2025-11-25 15:03:00+05:30,1538.2,1540.0,1538.1,1539.0,376175,RELIANCE,,,,,,,,,,,,,,,,,,,
2025-11-25 15:05:00+05:30,1539.3,1539.9,1539.0,1539.9,387532,RELIANCE,,,,,,,,,,,,,,,,,,,
2025-11-25 15:07:00+05:30,1539.9,1540.5,1539.5,1540.0,361717,RELIANCE,,,,,,,,,,,,,,,,,,,
2025-11-25 15:09:00+05:30,1540.1,1540.1,1537.9,1539.5,426999,RELIANCE,,,,,,,,,,,,,,,,,,,
2025-11-25 15:11:00+05:30,1539.6,1541.1,1539.2,1541.0,210461,RELIANCE,,,,,,,,,,,,,,,,,,,
2025-11-25 15:13:00+05:30,1540.9,1541.0,1539.0,1539.0,235745,RELIANCE,,,,,,,,,,,,,,,,,,,
2025-11-25 15:15:00+05:30,1539.0,1540.1,1538.8,1540.1,186167,RELIANCE,,,,,,,,,,,,,,,,,,,
2025-11-25 15:17:00+05:30,1540.1,1540.1,1539.3,1539.5,250070,RELIANCE,,,,,,,,,,,,,,,,,,,
2025-11-25 15:19:00+05:30,1539.5,1539.7,1539.4,1539.5,192098,RELIANCE,,,,,,,,,,,,,,,,,,,
2025-11-25 15:21:00+05:30,1539.6,1539.6,1539.0,1539.1,123857,RELIANCE,,,,,,,,,,,,,,,,,,,
2025-11-25 15:23:00+05:30,1539.3,1539.4,1539.0,1539.3,182271,RELIANCE,,,,,,,,,,,,,,,,,,,
2025-11-25 15:25:00+05:30,1539.3,1539.3,1538.3,1538.5,192186,RELIANCE,,,,,,,,,,,,,,,,,,,
2025-11-25 15:27:00+05:30,1538.5,1542.8,1538.1,1542.6,179746,RELIANCE,,,,,,,,,,,,,,,,,,,
2025-11-25 15:29:00+05:30,1541.5,1543.1,1540.1,1540.7,68389,RELIANCE,,,,,,,,,,,,,,,,,,,
